field,rule,changed_count,example_before,example_after
area,parse: кома→крапка,150," 109,3;  30,4",109.3; 30.4
fertilizer,parse: кома→крапка,150," 163,3 ;  142,4 ",163.3; 142.4
pesticide,видалити apps,14,4 apps; 1 apps,4; 1
dates,DD.MM.YYYY->ISO,182,31.03.2024; 25.04.2024,2024-03-31; 2024-04-25
dates,harvest<planting->swap,12,2024-08-07; 2024-07-30,2024-04-25; 2024-03-19
crop,нормалізація словник,256,wheat; soya,Wheat; Soy
soil_type,нормалізація словник,132,loamy; loamy,Loam; Loam
contractor,словник канонічних назв,526,field master; sunfield co,Field Master; SunField Co
note,NBSP + squish,65,перевірити ; норма ,перевірити; норма
yield,невідома одиниця→NA,116,3.405883757630363; 1.5638884480576962,NA; NA
yield,bu/ac→t/ha словник,533,24.666022313869437; 109.01704056123214,1.66002330172341; 6.84627014724538
area,ac→ha (×0.404685642),447,147.6; 194.5,59.7316007592; 78.711357369
area,area≤0→NA,6,-1.5; -3.2,NA; NA
irrigation,in→mm (×25.4),373,11.4298625807938; 4.30793265535269,290.318509552162; 109.421489445958
irrigation,<0→NA,7,-23.5889589348808; -31.2286549431738,NA; NA
rainfall,in→mm,377,8.91985954152142; 10.5695194802174,226.564432354644; 268.465794797521
rainfall,<0→NA,7,-36.2811968910974; -40.3195534904953,NA; NA
area,невідома одиниця→NA,111,90.4; 70.4,NA; NA
irrigation,невідома одиниця→NA,110,70.2068727114238; 0,NA; NA
rainfall_season,невідома одиниця→NA,112,307.184722367674; 621.091954852454,NA; NA
ndvi,"обмеження [0,1]",14,-0.111910846999381; 1.05570906535955,0; 1
ndvi,max<mean→swap,20,1; 1,0.591885314323008; 0.803299176180735
ndvi,інтерполяція gap≤3 дні,1,NA,0.402723122450213
lat/lon,coord swap,25,33.6578154802956; 28.9843146354822,49.5349362976132; 48.5297810224998
lat/lon,поза областю моделі→NA,9,58.7759901862592; 63.8085079472512,NA; NA
ALL,точні дублікати,29,F0059; F0082,вилучено
ALL,близькі дублікати за математичним критерієм,34,F0024-ALT; F0024-ALT,вилучено
yield_t_ha,outlier <0.5/>18,21,22.8056230507791; -0.0319844912737608,22.8056230507791; yield_outlier=1; -0.0319844912737608; yield_outlier=1
moisture,"обмеження [8,35]%",14,46.660744451452; 49.1417916328646,35; 35
temp_avg_c,"поза [5,40]→NA",7,2.43271477450617; 41.2435083813034,NA; NA
